ID2,ID,status,time,risk_score,age,n_tumors,T_stage,N_stage,pTNM,ER_expression,PR_expression,HER2_status,Ki67_expression,subtype
FB214,1018608,1,12.56666667,0.62687117,36,1,T2,N1,ⅡB,1,1,1,70,Luminal B
BR162,1013128,0,48.9,-0.017076632,45,2,T1,N1,ⅡA,1,0,2,30,Luminal B
FB214,1018608,1,12.56666667,0.62687117,36,1,T2,N1,ⅡB,1,1,1,70,Luminal B
BR162,1013128,0,48.9,-0.017076632,45,2,T1,N1,ⅡA,1,0,2,30,Luminal B
FB214,1018608,1,12.56666667,0.62687117,36,1,T2,N1,ⅡB,1,1,1,70,Luminal B
BR162,1013128,0,48.9,-0.017076632,45,2,T1,N1,ⅡA,1,0,2,30,Luminal B
FB214,1018608,1,12.56666667,0.62687117,36,1,T2,N1,ⅡB,1,1,1,70,Luminal B
BR162,1013128,0,48.9,-0.017076632,45,2,T1,N1,ⅡA,1,0,2,30,Luminal B